,GLD,DXY,TNX,GSPC
GLD,1.0,-0.35152113210710645,-0.2622276402711372,0.10534363041388307
DXY,-0.35152113210710645,1.0,0.20583628268428153,-0.16638771623455265
TNX,-0.2622276402711372,0.20583628268428153,1.0,0.26096167587299673
GSPC,0.10534363041388307,-0.16638771623455265,0.26096167587299673,1.0
